-- phpMyAdmin SQL Dump
-- version 4.8.5
-- https://www.phpmyadmin.net/
--
-- Host: 127.0.0.1
-- Generation Time: Jul 17, 2019 at 11:00 AM
-- Server version: 10.1.38-MariaDB
-- PHP Version: 7.3.2

SET SQL_MODE = "NO_AUTO_VALUE_ON_ZERO";
SET AUTOCOMMIT = 0;
START TRANSACTION;
SET time_zone = "+00:00";


/*!40101 SET @OLD_CHARACTER_SET_CLIENT=@@CHARACTER_SET_CLIENT */;
/*!40101 SET @OLD_CHARACTER_SET_RESULTS=@@CHARACTER_SET_RESULTS */;
/*!40101 SET @OLD_COLLATION_CONNECTION=@@COLLATION_CONNECTION */;
/*!40101 SET NAMES utf8mb4 */;

--
-- Database: `fadli_penugasan`
--

-- --------------------------------------------------------

--
-- Table structure for table `tbl_jadwal`
--

CREATE TABLE `tbl_jadwal` (
  `KODE_JADWAL` int(11) NOT NULL,
  `NAMA_ACARA` varchar(20) NOT NULL,
  `PRODUSER_NIP` varchar(10) NOT NULL,
  `TANGGAL_MULAI` date NOT NULL,
  `TANGGAL_SELESAI` date NOT NULL,
  `LOKASI` varchar(100) NOT NULL,
  `JAM` varchar(100) NOT NULL,
  `STATUS` varchar(25) NOT NULL DEFAULT 'RUNNING',
  `BUKTI_TUGAS` text NOT NULL,
  `CREATED_AT` timestamp NOT NULL DEFAULT CURRENT_TIMESTAMP
) ENGINE=InnoDB DEFAULT CHARSET=latin1;

--
-- Dumping data for table `tbl_jadwal`
--

INSERT INTO `tbl_jadwal` (`KODE_JADWAL`, `NAMA_ACARA`, `PRODUSER_NIP`, `TANGGAL_MULAI`, `TANGGAL_SELESAI`, `LOKASI`, `JAM`, `STATUS`, `BUKTI_TUGAS`, `CREATED_AT`) VALUES
(1, 'Olahraga', '1301178484', '2019-07-22', '2019-08-09', 'DALAM KANTOR', '0', 'DELETED', '', '2019-07-01 05:26:28'),
(2, 'Makan', '1301178484', '2019-07-22', '2019-08-09', 'DILUAR KANTOR (Rumah)', '0', 'DELETED', 'assets/laporan/1301178484_PRODUSER-2.png', '2019-07-01 05:26:28'),
(3, 'Mancing Mania', '1301178484', '2019-04-27', '2019-07-02', 'DILUAR KANTOR (Rumah)', '0', 'DELETED', 'assets/laporan/1301178484_PRODUSER-3.png', '2019-07-01 07:46:05'),
(24, 'Olahraga Bersama', '1301178484', '2019-07-01', '2019-07-04', 'DIDALAM KANTOR (Studio 69', '0', 'DELETED', '', '2019-07-02 04:36:27'),
(34, 'Acara Email', '1301172323', '2019-07-02', '2019-07-09', 'DIDALAM KANTOR (Rumah)', '0', 'DELETED', '', '2019-07-02 13:06:23'),
(35, 'Acara Saya', '1301178484', '2019-07-01', '2019-07-06', 'DILUAR KANTOR (Lapangan)', '0', 'DELETED', '', '2019-07-05 10:37:46'),
(36, 'Acara Saya', '1301178484', '2019-07-01', '2019-07-06', 'DILUAR KANTOR (Lapangan)', '0', 'DELETED', '', '2019-07-05 10:40:54'),
(37, 'Acara Saya Edit', '1301172323', '2019-07-01', '2019-07-13', 'DIDALAM KANTOR (Studio 66', '1234', 'FINISHED', '', '2019-07-05 10:41:20'),
(38, 'Sidang', '1301172323', '2019-07-16', '2019-07-17', 'DIDALAM KANTOR (GSG)', '232315', 'FINISHED', '', '2019-07-05 10:51:35'),
(39, 'Acara Honor', '1301172323', '2019-07-02', '2019-07-07', 'DIDALAM KANTOR (Rumah)', '200000', 'DELETED', '', '2019-07-06 13:01:37'),
(40, 'IHSMART', '1301172323', '2012-12-12', '2012-12-12', 'DIDALAM KANTOR (Lapangan)', '123', 'FINISHED', '', '2019-07-16 10:34:15'),
(41, 'wORKSHOP', '1301172323', '2019-07-29', '2019-07-17', 'DIDALAM KANTOR (bdv)', 'Shift 3 ( Pukul 18:00 - 21:00 )', 'FINISHED', 'assets/laporan/1301178484_PRODUSER-3.png', '2019-07-16 10:55:14'),
(42, 'Test Prod', '1301178484', '2019-07-17', '2019-07-18', 'DIDALAM KANTOR (aga)', 'Shift 1 ( Pukul 08:00 - 12:00 )', 'FINISHED', '', '2019-07-16 15:28:15'),
(43, 'Test Prod', '1301178484', '2019-07-17', '2019-07-18', 'DIDALAM KANTOR (aga)', 'Shift 1 ( Pukul 08:00 - 12:00 )', 'RUNNING', '', '2019-07-16 15:28:45');

-- --------------------------------------------------------

--
-- Table structure for table `tbl_pegawai`
--

CREATE TABLE `tbl_pegawai` (
  `NIP` varchar(10) NOT NULL,
  `NAMA` varchar(50) NOT NULL,
  `JABATAN` varchar(40) NOT NULL,
  `EMAIL` varchar(50) NOT NULL,
  `PASSWORD` varchar(255) NOT NULL,
  `CREATED_AT` timestamp NOT NULL DEFAULT CURRENT_TIMESTAMP
) ENGINE=InnoDB DEFAULT CHARSET=latin1;

--
-- Dumping data for table `tbl_pegawai`
--

INSERT INTO `tbl_pegawai` (`NIP`, `NAMA`, `JABATAN`, `EMAIL`, `PASSWORD`, `CREATED_AT`) VALUES
('123', 'asd', 'ASD', 'admin@asd.com', 'admin', '2019-07-16 11:00:30'),
('123456789', 'asd', 'A', 'admin@xzcxz.com', 'admin', '2019-07-16 11:01:46'),
('13011710', 'Cameramen 0', 'Cameramen', 'tisnadinata2@gmail.com', '1301176969', '2019-07-02 03:21:03'),
('13011711', 'Cameramen 1', 'Cameramen', 'difairawan44@gmail.com', '1301176969', '2019-07-02 03:21:04'),
('130117110', 'Cameramen 10', 'Cameramen', 'tisnadinata2@gmail.com', '1301176969', '2019-07-02 03:21:04'),
('130117111', 'Cameramen 11', 'Cameramen', 'tisnadinata2@gmail.com', '1301176969', '2019-07-02 03:21:04'),
('130117112', 'Cameramen 12', 'Cameramen', 'fadlimaulanaaa@gmail.com', '1301176969', '2019-07-02 03:21:04'),
('130117113', 'Cameramen 13', 'Cameramen', 'tisnadinata2@gmail.com', '1301176969', '2019-07-02 03:21:04'),
('130117114', 'Cameramen 14', 'Cameramen', 'tisnadinata2@gmail.com', '1301176969', '2019-07-02 03:21:04'),
('130117115', 'Cameramen 15', 'Cameramen', 'tisnadinata2@gmail.com', '1301176969', '2019-07-02 03:21:04'),
('130117116', 'Cameramen 16', 'Cameramen', 'tisnadinata2@gmail.com', '1301176969', '2019-07-02 03:21:05'),
('130117117', 'Cameramen 17', 'Cameramen', 'tisnadinata2@gmail.com', '1301176969', '2019-07-02 03:21:05'),
('130117118', 'Cameramen 18', 'Cameramen', 'tisnadinata2@gmail.com', '1301176969', '2019-07-02 03:21:05'),
('130117119', 'Cameramen 19', 'Cameramen', 'tisnadinata2@gmail.com', '1301176969', '2019-07-02 03:21:05'),
('13011712', 'Cameramen 2', 'Cameramen', 'tisnadinata2@gmail.com', '1301176969', '2019-07-02 03:21:04'),
('130117120', 'Cameramen 20', 'Cameramen', 'tisnadinata2@gmail.com', '1301176969', '2019-07-02 03:21:05'),
('130117121', 'Cameramen 21', 'Cameramen', 'tisnadinata2@gmail.com', '1301176969', '2019-07-02 03:21:05'),
('130117122', 'Cameramen 22', 'Cameramen', 'tisnadinata2@gmail.com', '1301176969', '2019-07-02 03:21:05'),
('130117123', 'Cameramen 23', 'Cameramen', 'tisnadinata2@gmail.com', '1301176969', '2019-07-02 03:21:05'),
('130117124', 'Cameramen 24', 'Cameramen', 'tisnadinata2@gmail.com', '1301176969', '2019-07-02 03:21:05'),
('130117125', 'Cameramen 25', 'Cameramen', 'tisnadinata2@gmail.com', '1301176969', '2019-07-02 03:21:05'),
('130117126', 'Cameramen 26', 'Cameramen', 'tisnadinata2@gmail.com', '1301176969', '2019-07-02 03:21:05'),
('130117127', 'Cameramen 27', 'Cameramen', 'tisnadinata2@gmail.com', '1301176969', '2019-07-02 03:21:05'),
('130117128', 'Cameramen 28', 'Cameramen', 'tisnadinata2@gmail.com', '1301176969', '2019-07-02 03:21:05'),
('130117129', 'Cameramen 29', 'Cameramen', 'tisnadinata2@gmail.com', '1301176969', '2019-07-02 03:21:05'),
('13011713', 'Cameramen 3', 'Cameramen', 'tisnadinata2@gmail.com', '1301176969', '2019-07-02 03:21:04'),
('130117130', 'Cameramen 30', 'Cameramen', 'tisnadinata2@gmail.com', '1301176969', '2019-07-02 03:21:05'),
('130117131', 'Cameramen 31', 'Cameramen', 'tisnadinata2@gmail.com', '1301176969', '2019-07-02 03:21:05'),
('130117132', 'Cameramen 32', 'Cameramen', 'tisnadinata2@gmail.com', '1301176969', '2019-07-02 03:21:05'),
('130117133', 'Cameramen 33', 'Cameramen', 'tisnadinata2@gmail.com', '1301176969', '2019-07-02 03:21:06'),
('130117134', 'Cameramen 34', 'Cameramen', 'tisnadinata2@gmail.com', '1301176969', '2019-07-02 03:21:06'),
('130117135', 'Cameramen 35', 'Cameramen', 'tisnadinata2@gmail.com', '1301176969', '2019-07-02 03:21:06'),
('130117136', 'Cameramen 36', 'Cameramen', 'tisnadinata2@gmail.com', '1301176969', '2019-07-02 03:21:06'),
('130117137', 'Cameramen 37', 'Cameramen', 'tisnadinata2@gmail.com', '1301176969', '2019-07-02 03:21:06'),
('130117138', 'Cameramen 38', 'Cameramen', 'tisnadinata2@gmail.com', '1301176969', '2019-07-02 03:21:06'),
('130117139', 'Cameramen 39', 'Cameramen', 'tisnadinata2@gmail.com', '1301176969', '2019-07-02 03:21:06'),
('13011714', 'Cameramen 4', 'Cameramen', 'tisnadinata2@gmail.com', '1301176969', '2019-07-02 03:21:04'),
('130117140', 'Cameramen 40', 'Cameramen', 'tisnadinata2@gmail.com', '1301176969', '2019-07-02 03:21:06'),
('130117141', 'Cameramen 41', 'Cameramen', 'tisnadinata2@gmail.com', '1301176969', '2019-07-02 03:21:07'),
('130117142', 'Cameramen 42', 'Cameramen', 'tisnadinata2@gmail.com', '1301176969', '2019-07-02 03:21:07'),
('130117143', 'Cameramen 43', 'Cameramen', 'tisnadinata2@gmail.com', '1301176969', '2019-07-02 03:21:07'),
('130117144', 'Cameramen 44', 'Cameramen', 'tisnadinata2@gmail.com', '1301176969', '2019-07-02 03:21:07'),
('130117145', 'Cameramen 45', 'Cameramen', 'tisnadinata2@gmail.com', '1301176969', '2019-07-02 03:21:07'),
('130117146', 'Cameramen 46', 'Cameramen', 'tisnadinata2@gmail.com', '1301176969', '2019-07-02 03:21:07'),
('130117147', 'Cameramen 47', 'Cameramen', 'tisnadinata2@gmail.com', '1301176969', '2019-07-02 03:21:07'),
('130117148', 'Cameramen 48', 'Cameramen', 'tisnadinata2@gmail.com', '1301176969', '2019-07-02 03:21:07'),
('130117149', 'Cameramen 49', 'Cameramen', 'tisnadinata2@gmail.com', '1301176969', '2019-07-02 03:21:07'),
('13011715', 'Cameramen 5', 'Cameramen', 'tisnadinata2@gmail.com', '1301176969', '2019-07-02 03:21:04'),
('13011716', 'Cameramen 6', 'Cameramen', 'tisnadinata2@gmail.com', '1301176969', '2019-07-02 03:21:04'),
('13011717', 'Cameramen 7', 'Cameramen', 'tisnadinata2@gmail.com', '1301176969', '2019-07-02 03:21:04'),
('13011718', 'Cameramen 8', 'Cameramen', 'tisnadinata2@gmail.com', '1301176969', '2019-07-02 03:21:04'),
('13011719', 'Cameramen 9', 'Cameramen', 'tisnadinata2@gmail.com', '1301176969', '2019-07-02 03:21:04'),
('130117212', 'Cameramen 12', 'Reporter', 'tisnadinata2@gmail.com', '1301176969', '2019-07-02 03:21:04'),
('130117214', 'Cameramen 14', 'Reporter', 'tisnadinata2@gmail.com', '1301176969', '2019-07-02 03:21:04'),
('130117216', 'Cameramen 16', 'Reporter', 'tisnadinata2@gmail.com', '1301176969', '2019-07-02 03:21:05'),
('130117218', 'Cameramen 18', 'Reporter', 'tisnadinata2@gmail.com', '1301176969', '2019-07-02 03:21:05'),
('13011722', 'Cameramen 2', 'Reporter', 'tisnadinata2@gmail.com', '1301176969', '2019-07-02 03:21:04'),
('130117220', 'Cameramen 20', 'Reporter', 'tisnadinata2@gmail.com', '1301176969', '2019-07-02 03:21:05'),
('130117222', 'Cameramen 22', 'Reporter', 'tisnadinata2@gmail.com', '1301176969', '2019-07-02 03:21:05'),
('130117224', 'Cameramen 24', 'Reporter', 'tisnadinata2@gmail.com', '1301176969', '2019-07-02 03:21:05'),
('130117226', 'Cameramen 26', 'Reporter', 'tisnadinata2@gmail.com', '1301176969', '2019-07-02 03:21:05'),
('130117228', 'Cameramen 28', 'Reporter', 'tisnadinata2@gmail.com', '1301176969', '2019-07-02 03:21:05'),
('130117230', 'Cameramen 30', 'Reporter', 'tisnadinata2@gmail.com', '1301176969', '2019-07-02 03:21:05'),
('130117232', 'Cameramen 32', 'Reporter', 'tisnadinata2@gmail.com', '1301176969', '2019-07-02 03:21:06'),
('1301172323', 'Difa Djajus', 'Produser', 'difairawan44@gmail.com', '1301178484', '2019-07-01 04:12:23'),
('130117234', 'Cameramen 34', 'Reporter', 'tisnadinata2@gmail.com', '1301176969', '2019-07-02 03:21:06'),
('130117236', 'Cameramen 36', 'Reporter', 'tisnadinata2@gmail.com', '1301176969', '2019-07-02 03:21:06'),
('130117238', 'Cameramen 38', 'Reporter', 'tisnadinata2@gmail.com', '1301176969', '2019-07-02 03:21:06'),
('13011724', 'Cameramen 4', 'Reporter', 'tisnadinata2@gmail.com', '1301176969', '2019-07-02 03:21:04'),
('130117240', 'Cameramen 40', 'Reporter', 'tisnadinata2@gmail.com', '1301176969', '2019-07-02 03:21:06'),
('130117242', 'Cameramen 42', 'Reporter', 'tisnadinata2@gmail.com', '1301176969', '2019-07-02 03:21:07'),
('130117244', 'Cameramen 44', 'Reporter', 'tisnadinata2@gmail.com', '1301176969', '2019-07-02 03:21:07'),
('130117246', 'Cameramen 46', 'Reporter', 'tisnadinata2@gmail.com', '1301176969', '2019-07-02 03:21:07'),
('130117248', 'Cameramen 48', 'Reporter', 'tisnadinata2@gmail.com', '1301176969', '2019-07-02 03:21:07'),
('13011726', 'Cameramen 6', 'Reporter', 'tisnadinata2@gmail.com', '1301176969', '2019-07-02 03:21:04'),
('13011728', 'Cameramen 8', 'Reporter', 'tisnadinata2@gmail.com', '1301176969', '2019-07-02 03:21:04'),
('13011730', 'Cameramen 0', 'Presenter', 'tisnadinata2@gmail.com', '1301176969', '2019-07-02 03:21:03'),
('130117312', 'Cameramen 12', 'Presenter', 'tisnadinata2@gmail.com', '1301176969', '2019-07-02 03:21:04'),
('130117315', 'Cameramen 15', 'Presenter', 'tisnadinata2@gmail.com', '1301176969', '2019-07-02 03:21:05'),
('130117318', 'Cameramen 18', 'Presenter', 'tisnadinata2@gmail.com', '1301176969', '2019-07-02 03:21:05'),
('130117321', 'Cameramen 21', 'Presenter', 'tisnadinata2@gmail.com', '1301176969', '2019-07-02 03:21:05'),
('130117324', 'Cameramen 24', 'Presenter', 'tisnadinata2@gmail.com', '1301176969', '2019-07-02 03:21:05'),
('130117327', 'Cameramen 27', 'Presenter', 'tisnadinata2@gmail.com', '1301176969', '2019-07-02 03:21:05'),
('13011733', 'Cameramen 3', 'Presenter', 'tisnadinata2@gmail.com', '1301176969', '2019-07-02 03:21:04'),
('130117330', 'Cameramen 30', 'Presenter', 'tisnadinata2@gmail.com', '1301176969', '2019-07-02 03:21:05'),
('130117333', 'Cameramen 33', 'Presenter', 'tisnadinata2@gmail.com', '1301176969', '2019-07-02 03:21:06'),
('130117336', 'Cameramen 36', 'Presenter', 'tisnadinata2@gmail.com', '1301176969', '2019-07-02 03:21:06'),
('130117339', 'Cameramen 39', 'Presenter', 'tisnadinata2@gmail.com', '1301176969', '2019-07-02 03:21:06'),
('130117342', 'Cameramen 42', 'Presenter', 'tisnadinata2@gmail.com', '1301176969', '2019-07-02 03:21:07'),
('130117345', 'Cameramen 45', 'Presenter', 'tisnadinata2@gmail.com', '1301176969', '2019-07-02 03:21:07'),
('130117348', 'Cameramen 48', 'Presenter', 'tisnadinata2@gmail.com', '1301176969', '2019-07-02 03:21:07'),
('13011736', 'Cameramen 6', 'Presenter', 'tisnadinata2@gmail.com', '1301176969', '2019-07-02 03:21:04'),
('13011739', 'Cameramen 9', 'Presenter', 'tisnadinata2@gmail.com', '1301176969', '2019-07-02 03:21:04'),
('13011740', 'Cameramen 0', 'Konsumsi', 'tisnadinata2@gmail.com', '1301176969', '2019-07-02 03:21:04'),
('130117410', 'Cameramen 10', 'Konsumsi', 'tisnadinata2@gmail.com', '1301176969', '2019-07-02 03:21:04'),
('130117415', 'Cameramen 15', 'Konsumsi', 'tisnadinata2@gmail.com', '1301176969', '2019-07-02 03:21:05'),
('130117420', 'Cameramen 20', 'Konsumsi', 'tisnadinata2@gmail.com', '1301176969', '2019-07-02 03:21:05'),
('130117425', 'Cameramen 25', 'Konsumsi', 'tisnadinata2@gmail.com', '1301176969', '2019-07-02 03:21:05'),
('130117430', 'Cameramen 30', 'Konsumsi', 'tisnadinata2@gmail.com', '1301176969', '2019-07-02 03:21:05'),
('130117435', 'Cameramen 35', 'Konsumsi', 'tisnadinata2@gmail.com', '1301176969', '2019-07-02 03:21:06'),
('130117440', 'Cameramen 40', 'Konsumsi', 'tisnadinata2@gmail.com', '1301176969', '2019-07-02 03:21:07'),
('130117445', 'Cameramen 45', 'Konsumsi', 'tisnadinata2@gmail.com', '1301176969', '2019-07-02 03:21:07'),
('13011745', 'Cameramen 5', 'Konsumsi', 'tisnadinata2@gmail.com', '1301176969', '2019-07-02 03:21:04'),
('1301176969', 'Fadli A M', 'Pegawai', 'fadlimaulanaaa@gmail.com', '1301176969', '2019-07-01 04:12:23'),
('1301178484', 'Aditya T', 'Produser', 'tisnadinata@gmail.com', '1301178484', '2019-07-01 04:12:23');

-- --------------------------------------------------------

--
-- Table structure for table `tbl_penugasan`
--

CREATE TABLE `tbl_penugasan` (
  `ID_PENUGASAN` int(11) NOT NULL,
  `NIP` varchar(10) NOT NULL,
  `KODE_JADWAL` int(11) NOT NULL,
  `TANGGAL_MULAI` date NOT NULL,
  `TANGGAL_SELESAI` date NOT NULL,
  `BUKTI_TUGAS` text,
  `CREATED_AT` timestamp NOT NULL DEFAULT CURRENT_TIMESTAMP,
  `LAST_UPDATED` timestamp NOT NULL DEFAULT CURRENT_TIMESTAMP
) ENGINE=InnoDB DEFAULT CHARSET=latin1;

--
-- Dumping data for table `tbl_penugasan`
--

INSERT INTO `tbl_penugasan` (`ID_PENUGASAN`, `NIP`, `KODE_JADWAL`, `TANGGAL_MULAI`, `TANGGAL_SELESAI`, `BUKTI_TUGAS`, `CREATED_AT`, `LAST_UPDATED`) VALUES
(1, '1301178484', 1, '2019-06-24', '2019-07-01', 'assets/laporan/1301178484_1.mkv', '2019-07-01 05:24:57', '2019-07-01 05:24:57'),
(2, '1301176969', 1, '2019-06-24', '2019-07-01', NULL, '2019-07-01 05:24:57', '2019-07-01 05:24:57'),
(3, '130117222', 1, '2019-06-24', '2019-07-01', NULL, '2019-07-01 05:24:57', '2019-07-01 05:24:57'),
(4, '130117122', 1, '2019-06-24', '2019-07-01', NULL, '2019-07-01 05:24:57', '2019-07-01 05:24:57'),
(5, '130117322', 1, '2019-06-24', '2019-07-01', NULL, '2019-07-01 05:24:57', '2019-07-01 05:24:57'),
(6, '130117422', 1, '2019-06-24', '2019-07-01', NULL, '2019-07-01 05:24:57', '2019-07-01 05:24:57'),
(7, '130117223', 1, '2019-06-24', '2019-07-01', NULL, '2019-07-01 05:24:57', '2019-07-01 05:24:57'),
(8, '130117124', 1, '2019-06-24', '2019-07-01', NULL, '2019-07-01 05:24:57', '2019-07-01 05:24:57'),
(9, '130117325', 1, '2019-06-24', '2019-07-01', NULL, '2019-07-01 05:24:57', '2019-07-01 05:24:57'),
(10, '130117426', 1, '2019-06-24', '2019-07-01', NULL, '2019-07-01 05:24:57', '2019-07-01 05:24:57'),
(11, '13011710', 24, '2019-07-01', '2019-07-04', NULL, '2019-07-02 04:36:27', '2019-07-02 04:36:27'),
(12, '130117111', 24, '2019-07-01', '2019-07-04', 'assets/laporan/1301176969_2.png', '2019-07-02 04:36:27', '2019-07-02 04:36:27'),
(13, '130117123', 24, '2019-07-01', '2019-07-04', NULL, '2019-07-02 04:36:27', '2019-07-02 04:36:27'),
(14, '130117131', 24, '2019-07-01', '2019-07-04', NULL, '2019-07-02 04:36:27', '2019-07-02 04:36:27'),
(15, '130117139', 24, '2019-07-01', '2019-07-04', NULL, '2019-07-02 04:36:27', '2019-07-02 04:36:27'),
(16, '130117140', 24, '2019-07-01', '2019-07-04', NULL, '2019-07-02 04:36:27', '2019-07-02 04:36:27'),
(17, '130117145', 24, '2019-07-01', '2019-07-04', 'assets/laporan/130117145_17.docx', '2019-07-02 04:36:27', '2019-07-02 04:36:27'),
(18, '130117410', 24, '2019-07-01', '2019-07-04', NULL, '2019-07-02 04:36:27', '2019-07-02 04:36:27'),
(19, '130117435', 24, '2019-07-01', '2019-07-04', NULL, '2019-07-02 04:36:27', '2019-07-02 04:36:27'),
(20, '130117445', 24, '2019-07-01', '2019-07-04', 'assets/laporan/1301176969_2.png', '2019-07-02 04:36:27', '2019-07-02 04:36:27'),
(21, '13011730', 24, '2019-07-01', '2019-07-04', NULL, '2019-07-02 04:36:27', '2019-07-02 04:36:27'),
(22, '130117315', 24, '2019-07-01', '2019-07-04', 'assets/laporan/1301176969_2.png', '2019-07-02 04:36:28', '2019-07-02 04:36:28'),
(23, '13011739', 24, '2019-07-01', '2019-07-04', 'assets/laporan/1301176969_2.png', '2019-07-02 04:36:28', '2019-07-02 04:36:28'),
(24, '130117242', 24, '2019-07-01', '2019-07-04', NULL, '2019-07-02 04:36:28', '2019-07-02 04:36:28'),
(25, '130117244', 24, '2019-07-01', '2019-07-04', NULL, '2019-07-02 04:36:28', '2019-07-02 04:36:28'),
(26, '130117246', 24, '2019-07-01', '2019-07-04', NULL, '2019-07-02 04:36:28', '2019-07-02 04:36:28'),
(27, '130117248', 24, '2019-07-01', '2019-07-04', NULL, '2019-07-02 04:36:28', '2019-07-02 04:36:28'),
(28, '13011726', 24, '2019-07-01', '2019-07-04', NULL, '2019-07-02 04:36:28', '2019-07-02 04:36:28'),
(29, '13011728', 24, '2019-07-01', '2019-07-04', NULL, '2019-07-02 04:36:28', '2019-07-02 04:36:28'),
(48, '13011711', 34, '2019-07-02', '2019-07-04', NULL, '2019-07-02 13:06:23', '2019-07-02 13:06:23'),
(49, '130117112', 34, '2019-07-02', '2019-07-04', NULL, '2019-07-02 13:06:23', '2019-07-02 13:06:23'),
(53, '130117122', 24, '2019-07-01', '2019-07-04', NULL, '2019-07-05 10:35:31', '2019-07-05 10:35:31'),
(54, '130117124', 24, '2019-07-01', '2019-07-04', NULL, '2019-07-05 10:35:31', '2019-07-05 10:35:31'),
(55, '13011714', 24, '2019-07-01', '2019-07-04', NULL, '2019-07-05 10:35:32', '2019-07-05 10:35:32'),
(56, '130117440', 24, '2019-07-01', '2019-07-04', NULL, '2019-07-05 10:35:32', '2019-07-05 10:35:32'),
(57, '130117312', 24, '2019-07-01', '2019-07-04', NULL, '2019-07-05 10:35:32', '2019-07-05 10:35:32'),
(58, '13011710', 35, '2019-07-01', '2019-07-04', NULL, '2019-07-05 10:37:46', '2019-07-05 10:37:46'),
(59, '130117110', 35, '2019-07-01', '2019-07-04', NULL, '2019-07-05 10:37:46', '2019-07-05 10:37:46'),
(60, '130117115', 35, '2019-07-01', '2019-07-04', NULL, '2019-07-05 10:37:46', '2019-07-05 10:37:46'),
(61, '13011717', 35, '2019-07-01', '2019-07-04', NULL, '2019-07-05 10:37:46', '2019-07-05 10:37:46'),
(62, '13011718', 35, '2019-07-01', '2019-07-04', NULL, '2019-07-05 10:37:47', '2019-07-05 10:37:47'),
(63, '13011719', 35, '2019-07-01', '2019-07-04', NULL, '2019-07-05 10:37:47', '2019-07-05 10:37:47'),
(64, '13011740', 35, '2019-07-01', '2019-07-04', NULL, '2019-07-05 10:37:47', '2019-07-05 10:37:47'),
(65, '130117410', 35, '2019-07-01', '2019-07-04', NULL, '2019-07-05 10:37:47', '2019-07-05 10:37:47'),
(66, '130117415', 35, '2019-07-01', '2019-07-04', NULL, '2019-07-05 10:37:47', '2019-07-05 10:37:47'),
(67, '130117440', 35, '2019-07-01', '2019-07-04', NULL, '2019-07-05 10:37:47', '2019-07-05 10:37:47'),
(68, '130117445', 35, '2019-07-01', '2019-07-04', NULL, '2019-07-05 10:37:47', '2019-07-05 10:37:47'),
(69, '13011745', 35, '2019-07-01', '2019-07-04', NULL, '2019-07-05 10:37:47', '2019-07-05 10:37:47'),
(70, '13011730', 35, '2019-07-01', '2019-07-04', NULL, '2019-07-05 10:37:47', '2019-07-05 10:37:47'),
(71, '130117312', 35, '2019-07-01', '2019-07-04', NULL, '2019-07-05 10:37:47', '2019-07-05 10:37:47'),
(72, '130117315', 35, '2019-07-01', '2019-07-04', NULL, '2019-07-05 10:37:47', '2019-07-05 10:37:47'),
(73, '130117348', 35, '2019-07-01', '2019-07-04', NULL, '2019-07-05 10:37:47', '2019-07-05 10:37:47'),
(74, '13011736', 35, '2019-07-01', '2019-07-04', NULL, '2019-07-05 10:37:47', '2019-07-05 10:37:47'),
(75, '13011739', 35, '2019-07-01', '2019-07-04', NULL, '2019-07-05 10:37:47', '2019-07-05 10:37:47'),
(76, '13011720', 35, '2019-07-01', '2019-07-04', NULL, '2019-07-05 10:37:47', '2019-07-05 10:37:47'),
(77, '130117210', 35, '2019-07-01', '2019-07-04', NULL, '2019-07-05 10:37:47', '2019-07-05 10:37:47'),
(78, '130117212', 35, '2019-07-01', '2019-07-04', NULL, '2019-07-05 10:37:47', '2019-07-05 10:37:47'),
(79, '130117248', 35, '2019-07-01', '2019-07-04', NULL, '2019-07-05 10:37:47', '2019-07-05 10:37:47'),
(80, '13011726', 35, '2019-07-01', '2019-07-04', NULL, '2019-07-05 10:37:47', '2019-07-05 10:37:47'),
(81, '13011728', 35, '2019-07-01', '2019-07-04', NULL, '2019-07-05 10:37:47', '2019-07-05 10:37:47'),
(82, '13011710', 36, '2019-07-01', '2019-07-04', NULL, '2019-07-05 10:40:54', '2019-07-05 10:40:54'),
(83, '130117110', 36, '2019-07-01', '2019-07-04', NULL, '2019-07-05 10:40:54', '2019-07-05 10:40:54'),
(84, '130117115', 36, '2019-07-01', '2019-07-04', NULL, '2019-07-05 10:40:55', '2019-07-05 10:40:55'),
(85, '13011717', 36, '2019-07-01', '2019-07-04', NULL, '2019-07-05 10:40:55', '2019-07-05 10:40:55'),
(86, '13011718', 36, '2019-07-01', '2019-07-04', NULL, '2019-07-05 10:40:55', '2019-07-05 10:40:55'),
(87, '13011719', 36, '2019-07-01', '2019-07-04', NULL, '2019-07-05 10:40:55', '2019-07-05 10:40:55'),
(88, '13011740', 36, '2019-07-01', '2019-07-04', NULL, '2019-07-05 10:40:55', '2019-07-05 10:40:55'),
(89, '130117410', 36, '2019-07-01', '2019-07-04', NULL, '2019-07-05 10:40:55', '2019-07-05 10:40:55'),
(90, '130117415', 36, '2019-07-01', '2019-07-04', NULL, '2019-07-05 10:40:55', '2019-07-05 10:40:55'),
(91, '130117440', 36, '2019-07-01', '2019-07-04', NULL, '2019-07-05 10:40:55', '2019-07-05 10:40:55'),
(92, '130117445', 36, '2019-07-01', '2019-07-04', NULL, '2019-07-05 10:40:55', '2019-07-05 10:40:55'),
(93, '13011745', 36, '2019-07-01', '2019-07-04', NULL, '2019-07-05 10:40:55', '2019-07-05 10:40:55'),
(94, '13011730', 36, '2019-07-01', '2019-07-04', NULL, '2019-07-05 10:40:55', '2019-07-05 10:40:55'),
(95, '130117312', 36, '2019-07-01', '2019-07-04', NULL, '2019-07-05 10:40:55', '2019-07-05 10:40:55'),
(96, '130117315', 36, '2019-07-01', '2019-07-04', NULL, '2019-07-05 10:40:55', '2019-07-05 10:40:55'),
(97, '130117348', 36, '2019-07-01', '2019-07-04', NULL, '2019-07-05 10:40:55', '2019-07-05 10:40:55'),
(98, '13011736', 36, '2019-07-01', '2019-07-04', NULL, '2019-07-05 10:40:55', '2019-07-05 10:40:55'),
(99, '13011739', 36, '2019-07-01', '2019-07-04', NULL, '2019-07-05 10:40:55', '2019-07-05 10:40:55'),
(100, '13011720', 36, '2019-07-01', '2019-07-04', NULL, '2019-07-05 10:40:55', '2019-07-05 10:40:55'),
(101, '130117210', 36, '2019-07-01', '2019-07-04', NULL, '2019-07-05 10:40:55', '2019-07-05 10:40:55'),
(102, '130117212', 36, '2019-07-01', '2019-07-04', NULL, '2019-07-05 10:40:55', '2019-07-05 10:40:55'),
(103, '130117248', 36, '2019-07-01', '2019-07-04', NULL, '2019-07-05 10:40:55', '2019-07-05 10:40:55'),
(104, '13011726', 36, '2019-07-01', '2019-07-04', NULL, '2019-07-05 10:40:55', '2019-07-05 10:40:55'),
(105, '13011728', 36, '2019-07-01', '2019-07-04', NULL, '2019-07-05 10:40:55', '2019-07-05 10:40:55'),
(106, '13011710', 37, '2019-07-01', '2019-07-04', NULL, '2019-07-05 10:41:20', '2019-07-05 10:41:20'),
(107, '130117110', 37, '2019-07-01', '2019-07-04', NULL, '2019-07-05 10:41:20', '2019-07-05 10:41:20'),
(108, '130117115', 37, '2019-07-01', '2019-07-04', NULL, '2019-07-05 10:41:20', '2019-07-05 10:41:20'),
(109, '13011717', 37, '2019-07-01', '2019-07-13', NULL, '2019-07-05 10:41:20', '2019-07-05 10:41:20'),
(110, '13011718', 37, '2019-07-01', '2019-07-13', NULL, '2019-07-05 10:41:20', '2019-07-05 10:41:20'),
(111, '13011719', 37, '2019-07-01', '2019-07-13', NULL, '2019-07-05 10:41:20', '2019-07-05 10:41:20'),
(112, '13011740', 37, '2019-07-01', '2019-07-04', NULL, '2019-07-05 10:41:21', '2019-07-05 10:41:21'),
(113, '130117410', 37, '2019-07-01', '2019-07-04', NULL, '2019-07-05 10:41:21', '2019-07-05 10:41:21'),
(114, '130117415', 37, '2019-07-01', '2019-07-04', NULL, '2019-07-05 10:41:21', '2019-07-05 10:41:21'),
(115, '130117440', 37, '2019-07-01', '2019-07-13', NULL, '2019-07-05 10:41:21', '2019-07-05 10:41:21'),
(116, '130117445', 37, '2019-07-01', '2019-07-13', NULL, '2019-07-05 10:41:21', '2019-07-05 10:41:21'),
(117, '13011745', 37, '2019-07-01', '2019-07-13', NULL, '2019-07-05 10:41:21', '2019-07-05 10:41:21'),
(118, '13011730', 37, '2019-07-01', '2019-07-04', NULL, '2019-07-05 10:41:21', '2019-07-05 10:41:21'),
(119, '130117312', 37, '2019-07-01', '2019-07-04', NULL, '2019-07-05 10:41:21', '2019-07-05 10:41:21'),
(120, '130117315', 37, '2019-07-01', '2019-07-04', NULL, '2019-07-05 10:41:21', '2019-07-05 10:41:21'),
(121, '130117348', 37, '2019-07-01', '2019-07-13', NULL, '2019-07-05 10:41:21', '2019-07-05 10:41:21'),
(122, '13011736', 37, '2019-07-01', '2019-07-13', NULL, '2019-07-05 10:41:21', '2019-07-05 10:41:21'),
(123, '13011739', 37, '2019-07-01', '2019-07-13', NULL, '2019-07-05 10:41:21', '2019-07-05 10:41:21'),
(124, '13011720', 37, '2019-07-01', '2019-07-13', NULL, '2019-07-05 10:41:21', '2019-07-05 10:41:21'),
(125, '130117210', 37, '2019-07-01', '2019-07-04', NULL, '2019-07-05 10:41:21', '2019-07-05 10:41:21'),
(126, '130117212', 37, '2019-07-01', '2019-07-13', NULL, '2019-07-05 10:41:21', '2019-07-05 10:41:21'),
(127, '130117248', 37, '2019-07-01', '2019-07-13', NULL, '2019-07-05 10:41:21', '2019-07-05 10:41:21'),
(128, '13011726', 37, '2019-07-01', '2019-07-04', NULL, '2019-07-05 10:41:21', '2019-07-05 10:41:21'),
(129, '13011728', 37, '2019-07-01', '2019-07-04', NULL, '2019-07-05 10:41:21', '2019-07-05 10:41:21'),
(130, '13011710', 38, '2019-07-16', '2019-07-04', NULL, '2019-07-05 10:51:35', '2019-07-05 10:51:35'),
(131, '13011711', 38, '2019-07-16', '2019-07-04', NULL, '2019-07-05 10:51:36', '2019-07-05 10:51:36'),
(132, '130117110', 38, '2019-07-16', '2019-07-04', NULL, '2019-07-05 10:51:36', '2019-07-05 10:51:36'),
(133, '130117111', 38, '2019-07-16', '2019-07-17', NULL, '2019-07-05 10:51:36', '2019-07-05 10:51:36'),
(134, '130117112', 38, '2019-07-16', '2019-07-17', NULL, '2019-07-05 10:51:36', '2019-07-05 10:51:36'),
(135, '130117415', 38, '2019-07-16', '2019-07-17', NULL, '2019-07-05 10:51:36', '2019-07-05 10:51:36'),
(136, '130117430', 38, '2019-07-16', '2019-07-04', NULL, '2019-07-05 10:51:36', '2019-07-05 10:51:36'),
(137, '1301176969', 38, '2019-07-16', '2019-07-04', NULL, '2019-07-05 10:51:36', '2019-07-05 10:51:36'),
(138, '130117330', 38, '2019-07-16', '2019-07-04', NULL, '2019-07-05 10:51:36', '2019-07-05 10:51:36'),
(139, '130117339', 38, '2019-07-16', '2019-07-04', NULL, '2019-07-05 10:51:36', '2019-07-05 10:51:36'),
(140, '130117246', 38, '2019-07-16', '2019-07-04', NULL, '2019-07-05 10:51:36', '2019-07-05 10:51:36'),
(141, '13011726', 38, '2019-07-16', '2019-07-04', NULL, '2019-07-05 10:51:36', '2019-07-05 10:51:36'),
(142, '130117113', 38, '2019-07-16', '2019-07-17', NULL, '2019-07-05 10:53:52', '2019-07-05 10:53:52'),
(143, '13011730', 38, '2019-07-16', '2019-07-17', NULL, '2019-07-05 10:53:52', '2019-07-05 10:53:52'),
(144, '13011728', 38, '2019-07-16', '2019-07-17', NULL, '2019-07-05 10:53:52', '2019-07-05 10:53:52'),
(145, '130117128', 39, '2019-07-02', '2019-07-05', NULL, '2019-07-06 13:01:37', '2019-07-06 13:01:37'),
(146, '13011710', 40, '2012-12-12', '2012-12-12', NULL, '2019-07-16 10:34:15', '2019-07-16 10:34:15'),
(147, '13011716', 40, '2012-12-12', '2012-12-12', NULL, '2019-07-16 10:34:15', '2019-07-16 10:34:15'),
(148, '13011745', 40, '2012-12-12', '2012-12-12', NULL, '2019-07-16 10:34:15', '2019-07-16 10:34:15'),
(149, '130117228', 40, '2012-12-12', '2012-12-12', NULL, '2019-07-16 10:34:15', '2019-07-16 10:34:15'),
(150, '13011710', 41, '2019-07-29', '2019-07-17', NULL, '2019-07-16 10:55:14', '2019-07-16 10:55:14'),
(151, '13011726', 41, '2019-07-29', '2019-07-17', NULL, '2019-07-16 10:55:14', '2019-07-16 10:55:14'),
(152, '13011710', 42, '2019-07-17', '2019-07-18', NULL, '2019-07-16 15:28:15', '2019-07-16 15:28:15'),
(153, '13011710', 43, '2019-07-17', '2019-07-18', NULL, '2019-07-16 15:28:45', '2019-07-16 15:28:45');

-- --------------------------------------------------------

--
-- Table structure for table `tbl_track_record`
--

CREATE TABLE `tbl_track_record` (
  `ID_RECORD` int(11) NOT NULL,
  `NIP` varchar(10) NOT NULL,
  `JUMLAH_ACARA` int(11) NOT NULL,
  `JUMLAH_HARI` int(11) NOT NULL,
  `LAST_UPDATED` timestamp NOT NULL DEFAULT CURRENT_TIMESTAMP
) ENGINE=InnoDB DEFAULT CHARSET=latin1;

--
-- Indexes for dumped tables
--

--
-- Indexes for table `tbl_jadwal`
--
ALTER TABLE `tbl_jadwal`
  ADD PRIMARY KEY (`KODE_JADWAL`),
  ADD KEY `produser` (`PRODUSER_NIP`);

--
-- Indexes for table `tbl_pegawai`
--
ALTER TABLE `tbl_pegawai`
  ADD PRIMARY KEY (`NIP`);

--
-- Indexes for table `tbl_penugasan`
--
ALTER TABLE `tbl_penugasan`
  ADD PRIMARY KEY (`ID_PENUGASAN`),
  ADD KEY `acara` (`KODE_JADWAL`),
  ADD KEY `NIP` (`NIP`);

--
-- Indexes for table `tbl_track_record`
--
ALTER TABLE `tbl_track_record`
  ADD PRIMARY KEY (`ID_RECORD`);

--
-- AUTO_INCREMENT for dumped tables
--

--
-- AUTO_INCREMENT for table `tbl_jadwal`
--
ALTER TABLE `tbl_jadwal`
  MODIFY `KODE_JADWAL` int(11) NOT NULL AUTO_INCREMENT, AUTO_INCREMENT=44;

--
-- AUTO_INCREMENT for table `tbl_penugasan`
--
ALTER TABLE `tbl_penugasan`
  MODIFY `ID_PENUGASAN` int(11) NOT NULL AUTO_INCREMENT, AUTO_INCREMENT=154;

--
-- Constraints for dumped tables
--

--
-- Constraints for table `tbl_jadwal`
--
ALTER TABLE `tbl_jadwal`
  ADD CONSTRAINT `produser` FOREIGN KEY (`PRODUSER_NIP`) REFERENCES `tbl_pegawai` (`NIP`) ON DELETE CASCADE ON UPDATE NO ACTION;

--
-- Constraints for table `tbl_penugasan`
--
ALTER TABLE `tbl_penugasan`
  ADD CONSTRAINT `acara` FOREIGN KEY (`KODE_JADWAL`) REFERENCES `tbl_jadwal` (`KODE_JADWAL`) ON DELETE CASCADE ON UPDATE NO ACTION;
COMMIT;

/*!40101 SET CHARACTER_SET_CLIENT=@OLD_CHARACTER_SET_CLIENT */;
/*!40101 SET CHARACTER_SET_RESULTS=@OLD_CHARACTER_SET_RESULTS */;
/*!40101 SET COLLATION_CONNECTION=@OLD_COLLATION_CONNECTION */;
